Item Name,Qty,Price (total) (USD),Shipping price with tarrif (USD),Notes,Link
PCB from AIVON,MOQ 5,$4,3$,Thats the cheapes site rn,
Esp32 Supermini ,1,$3.21,3$,,"https://pl.aliexpress.com/item/1005007479144456.html?spm=a2g0o.productlist.main.3.561a62d459g1Ir&algo_pvid=87450788-df72-4976-a88d-ee165b066d11&algo_exp_id=87450788-df72-4976-a88d-ee165b066d11-2&pdp_ext_f=%7B""order""%3A""26627""%2C""eval""%3A""1""%2C""fromPage""%3A""search""%7D&pdp_npi=6%40dis%21USD%213.00%213.21%21%21%2120.00%2121.43%21%400b0fed2b17914886398215226e1066%2112000040920875458%21sea%21PL%210%21ABX%211%210%21n_tag%3A-29910%3Bd%3A47856c91%3Bm03_new_user%3A-29895&curPageLogUid=A9KwS2IvPvpG&utparam-url=scene%3Asearch%7Cquery_from%3A%7Cx_object_id%3A1005007479144456%7C_p_origin_prod%3A"
6mm Tactile button,10,$1.13,3$,,"https://pl.aliexpress.com/item/1005005845072975.html?spm=a2g0o.productlist.main.18.39a94fb8SL0FI5&algo_pvid=ad4d230a-6484-41a6-beeb-ede13f88e6c6&algo_exp_id=ad4d230a-6484-41a6-beeb-ede13f88e6c6-17&pdp_ext_f=%7B""order""%3A""4384""%2C""spu_best_type""%3A""price""%2C""eval""%3A""1""%2C""fromPage""%3A""search""%7D&pdp_npi=6%40dis%21USD%211.16%211.16%21%21%211.16%211.16%21%40210384a717914892921925761e10db%2112000034553364521%21sea%21PL%210%21ABX%211%210%21n_tag%3A-29910%3Bd%3A47856c91%3Bm03_new_user%3A-29895&curPageLogUid=0m4CEH5rdOdh&utparam-url=scene%3Asearch%7Cquery_from%3A%7Cx_object_id%3A1005005845072975%7C_p_origin_prod%3A"
3 leg switch,1,$1.29,3$,,"https://pl.aliexpress.com/item/1005005633418066.html?spm=a2g0o.productlist.main.1.3cc62002tHfI9O&algo_pvid=f4843614-91ce-49ce-984a-d8952efc5e52&algo_exp_id=f4843614-91ce-49ce-984a-d8952efc5e52-0&pdp_ext_f=%7B""order""%3A""11542""%2C""eval""%3A""1""%2C""fromPage""%3A""search""%7D&pdp_npi=6%40dis%21USD%211.29%211.29%21%21%211.29%211.29%21%402103828617914892367033137e11ac%2112000033823089887%21sea%21PL%210%21ABX%211%210%21n_tag%3A-29910%3Bd%3A47856c91%3Bm03_new_user%3A-29895&curPageLogUid=XEGiL15fH0kr&utparam-url=scene%3Asearch%7Cquery_from%3A%7Cx_object_id%3A1005005633418066%7C_p_origin_prod%3A"
12mm diameter passive buzzer,1,$3.28,3$,,"https://pl.aliexpress.com/item/1005007208332352.html?spm=a2g0o.productlist.main.9.fdcdb6debSqlSU&algo_pvid=30eab269-a6ef-44b4-950d-7029dae0a24e&algo_exp_id=30eab269-a6ef-44b4-950d-7029dae0a24e-8&pdp_ext_f=%7B""order""%3A""94""%2C""eval""%3A""1""%2C""fromPage""%3A""search""%7D&pdp_npi=6%40dis%21USD%212.84%212.84%21%21%212.84%212.84%21%402103962917914893748462554e0fca%2112000039810615968%21sea%21PL%210%21ABX%211%210%21n_tag%3A-29910%3Bd%3A47856c91%3Bm03_new_user%3A-29895&curPageLogUid=JjqUAfMjtGHd&utparam-url=scene%3Asearch%7Cquery_from%3A%7Cx_object_id%3A1005007208332352%7C_p_origin_prod%3A"
tp4056 Charging board,1,$3.35,3$,,"https://pl.aliexpress.com/item/1005010589285132.html?spm=a2g0o.productlist.main.3.29011706sjQ3vM&algo_pvid=e6c02a3e-78e9-4bac-acd1-820c17502c33&algo_exp_id=e6c02a3e-78e9-4bac-acd1-820c17502c33-2&pdp_ext_f=%7B""order""%3A""164""%2C""spu_best_type""%3A""price""%2C""eval""%3A""1""%2C""fromPage""%3A""search""%7D&pdp_npi=6%40dis%21USD%213.00%213.25%21%21%2120.01%2121.69%21%400b0fe08917914894393561296e0e39%2112000056703223274%21sea%21PL%210%21ABX%211%210%21n_tag%3A-29910%3Bd%3A47856c91%3Bm03_new_user%3A-29895&curPageLogUid=NsafP8mtoCMK&utparam-url=scene%3Asearch%7Cquery_from%3A%7Cx_object_id%3A1005010589285132%7C_p_origin_prod%3A"
18650 Li-ion Cell,1,$0.80,2$,,https://allegro.pl/produkt/akumulator-ogniwo-lg-18650-m29-li-ion-3-6v-2900mah-1b51bd16-2748-4fc5-9269-d53e5995dc1b?offerId=17985086697&utm_feed=aa34192d-eee2-4419-9a9a-de66b9dfae24&utm_source=google&utm_medium=cpc&utm_campaign=_elktrk_rtvagd_pla_ss&ev_adgr=rtv-ss&ev_campaign_id=22975392160&gad_source=1&gad_campaignid=22975392160&gclid=CjwKCAjw_pzWBhAkEiwAwDCi1WN1nt0ffNSy4i3MKvWjrOFldzQdkfxkDCbdXYLzlX5HmrJ_NBaLnBoC_1cQAvD_BwE
Wire,50cm,$1.00,3$,Just get some old wire,"https://pl.aliexpress.com/item/1005001698211718.html?spm=a2g0o.productlist.main.4.161c7a70zSKZ98&aem_p4p_detail=202610081258359683334968354040000531739&algo_pvid=82b4b642-f419-4977-9f2e-7467f298b319&algo_exp_id=82b4b642-f419-4977-9f2e-7467f298b319-3&pdp_ext_f=%7B""order""%3A""10884""%2C""eval""%3A""1""%2C""fromPage""%3A""search""%7D&pdp_npi=6%40dis%21USD%212.15%212.15%21%21%212.15%212.15%21%402103909217914895156987082e0f5f%2112000040220443824%21sea%21PL%210%21ABX%211%210%21n_tag%3A-29910%3Bd%3A47856c91%3Bm03_new_user%3A-29895&curPageLogUid=zvvUBEPX8Uou&utparam-url=scene%3Asearch%7Cquery_from%3A%7Cx_object_id%3A1005001698211718%7C_p_origin_prod%3A&search_p4p_id=202610081258359683334968354040000531739_1"
,,,,,
Total Price (USD):,$20.76,Total Shipping price (USD),23$,,
Total Price + Shipping + tarrif (USD):,$43.76,,,,
